{
  "gamma": {
    "0.0": 0.8706666666666667,
    "0.1": 0.8903333333333333,
    "0.5": 0.8903333333333333
  },
  "alpha_pos": {
    "1.0": 0.89,
    "3.0": 0.8893333333333333,
    "5.0": 0.886
  }
}